,0
0,-0.041281047699484485
1,-0.018203246186193525
2,-0.018835167438535597
3,-0.1388974547278457
4,0.0024408520123976956
5,-0.032903259754981595
6,-0.013729903555371587
7,0.05419769555675382
8,0.03565480923914003
9,-0.131956607844782
10,0.020118705840969933
11,-0.054611637988431876
12,-0.02329562806421285
13,0.0841616815214549
14,-0.017091231209845553
15,-0.04231660623208308
16,-0.09415172911643538
17,0.04780393483212509
18,-0.03063064270334548
19,-0.06219761423365566
20,0.056039726646922895
21,0.03704843708709124
22,-0.052070121802492084
23,-0.05593841325271803
24,0.003930692752079439
25,-0.011231976494705564
26,0.07709652875671937
27,0.06052874294842923
28,-0.056980370519240334
29,-0.08628447945919032
30,-0.04223319989431357
31,0.04860992381041198
32,0.06203507982597229
33,-0.031181575965761897
34,0.020445042088452083
35,0.10596900478593758
36,-0.08208253195872386
37,0.08833329504969764
38,0.10252297114316357
39,-0.02775955000804311
40,0.019596197357330713
41,0.011931007801215976
42,0.0770938547073058
43,-0.024141799111311674
44,-0.0432575495705445
45,0.0153207628557553
46,0.035076204116500254
47,0.10215091932627682
48,0.022866398237463007
49,-0.016053378170245512
50,0.0490742174053232
51,0.02462246747988669
52,-0.023381792437525296
53,0.027322789178758754
54,-0.03300765585432056
55,-0.036805821843997416
56,0.03427926481894348
57,0.09551910398462542
58,0.060338384949419115
59,0.14011408166530068
60,0.02650139086470287
61,-0.03144435206065423
62,0.05839734133117288
63,-0.0829865701702616
64,-0.008135702841433268
65,-0.030691558466854247
66,-0.10324400786031997
67,0.030541590950021104
68,-0.00945211278413096
69,-0.0130245954917586
70,0.10312599976560327
71,-0.026954269479692115
72,-0.04834028988393002
73,-0.07290794824856758
74,0.13223404594467877
75,0.023179698253159714
76,-0.06279261072194511
77,-0.03732742266443968
78,-0.007720210975381728
79,0.03850066287056095
80,-0.022805954710215938
81,-0.08927451294968151
82,0.08871453777406088
83,0.041061712441710245
84,0.12398492317570467
85,-0.020364259027845298
86,-0.008320595349319056
87,0.019602386683520337
88,-0.015193550918117752
89,0.03598794395808078
90,0.003417479812796411
91,0.008258496080802435
92,-0.019365799869533618
93,-0.009094509811786469
94,0.001361678752772622
95,-0.05159273092116136
96,-0.04877050578027326
97,0.018348378004643107
98,-0.05796555837319
99,-0.0277404737166187
100,-0.01830219247514709
101,-0.09103263303592796
102,-0.03277172396794798
103,-0.08721571048454323
104,0.011741425945750965
105,-0.1989767324317902
106,0.05740673100483462
107,-0.04726792159113797
108,0.07045203995207565
109,0.010360962914629557
110,-0.03436388431561003
111,-0.030837801232126025
112,0.07406991928426881
113,0.056231304120413265
114,-0.022568929874069804
115,0.09110036333919642
116,0.01891580856456723
117,-0.00019278673081921409
118,-0.0736938628496167
119,-0.06563732551077264
120,-0.04244490742856147
121,-0.012116447077257035
122,0.008153168976807595
123,0.020365180489935374
124,-0.014948085915605643
125,-0.03329742810477423
126,-0.1214060754600256
127,0.03944842997750396
128,0.031822648989495314
129,0.014633097903048077
130,0.025221351135230646
131,-0.07767088537566838
132,0.04578647229349282
133,0.02379741059463297
134,-0.06865056483258726
135,0.10490410668596561
136,0.009614987435939611
137,0.08279835185047643
138,0.12310335213832256
139,0.06467631686158862
140,0.044830295156988685
141,0.013990655791449995
142,-0.10270115577934735
143,0.057520820794392066
144,-0.056269610417590696
145,-0.0935662777541597
146,0.050567007582064866
147,-0.046323101585719506
148,0.012833172812943643
149,0.016865591399837475
150,0.09305029383574327
151,0.07704903020219334
152,-0.03226407025830211
153,-0.05274163229428841
154,-0.05849912153446279
155,0.014261461635619928
156,-0.006616609758524511
157,0.11740536815601889
158,-0.017616272239663604
159,-0.016580647057426293
160,0.0226166978753757
161,0.01683306728557383
162,0.011350812974022635
163,-0.033746804603020555
164,0.09149788820271024
165,-0.06287780838931557
166,-0.009212070423135628
167,-0.04063228716527648
168,0.07792895863103294
169,-0.03003567939323192
170,0.058411565780552024
171,-0.007085651579237903
172,-0.058352434521658524
173,0.06618673667027976
174,0.12934001261000538
175,-0.0004837214568467338
176,0.011144797360786787
177,0.03034147988469756
178,-0.03025514414733471
179,0.12202023282570901
180,0.024207388027103496
181,0.04846310317680831
182,0.05715254475225209
183,0.018204749803275168
184,-0.04169497809010358
185,-0.0800851367661666
186,-0.16319395068020734
187,0.01026781872439234
188,0.04348783806419081
189,-0.029856542439494996
190,-0.10143372168094729
191,-0.09487646162769325
192,0.03843564123716672
193,-0.058916879487477154
194,0.0485284274920882
195,0.06885116234895519
196,0.010803718220039315
197,0.03907213550330211
198,0.025309377864588322
199,0.036646353811679966
200,0.051798781540785474
201,-0.031065329365480045
202,-0.06562037627684768
203,0.04973003357603239
204,0.08941724994520045
205,-0.07222634578377089
206,0.09982857283561355
207,-0.06896025572303495
208,-0.09245837687377793
209,0.07610063063180997
210,-0.033197783489211846
211,0.045189107227852375
212,-0.03871493578217257
213,-0.06865140442433734
214,0.06579616948228334
215,-0.0341341291267151
216,-0.06469873324500587
217,0.1558802731056311
218,0.08914706306464666
219,0.10555592149659597
220,-0.026311318814554143
221,0.1426269787545115
222,-0.03293865692318239
223,-0.09885940808086785
224,0.0028833308666280015
225,-0.021448691087434357
226,0.0010202439926866624
227,-0.04535549692164042
228,-0.0015442031684702508
229,-0.06388984978817353
230,-0.07193186933200772
231,0.08944996925094528
232,-0.06471433775750768
233,0.06551834948547486
234,0.14739505834499292
235,-0.0408299292384142
236,-0.10198253148379903
237,-0.05075327112880359
238,0.062143958643149935
239,-0.005586502743533945
240,-0.028786965804863947
241,-0.06310741530196995
242,-0.00981263999294673
243,0.011417082920073351
244,-0.04712986980162878
245,0.10259032225563831
246,0.05296033244742977
247,-0.039882147480726216
248,0.010080723030142574
249,0.048302279871841804
250,0.05103917138079205
251,0.12610472967081854
252,-0.0209065580140583
253,0.19866370738129993
254,-0.07507378732094458
255,0.01867067810070522
256,0.033363176580587885
257,0.0555300633010443
258,0.037796791271478856
259,-0.1418439213990478
260,-0.055627546260240024
261,0.04825801214397776
262,0.01846249970626389
263,0.051521587175207
264,-0.09674163912612142
265,-0.1199965653550228
266,0.057812860251583456
267,-0.06278938840266478
268,0.03691415478191984
269,-0.044839235588444
270,0.07414749226643598
271,0.04006793988518436
272,-0.10278158108291503
273,-0.0408446508976722
274,-0.06340964188876017
275,-0.03951355922897422
276,-0.047773277811169544
277,-0.08493819849334515
278,-0.034405426046739476
279,0.01825538835199338
280,-0.10604364021324282
281,-0.12354848596397303
282,-0.002673903105593956
283,0.08058294896605167
284,-0.073149800341043
285,0.03365578894105205
286,0.14262191323215803
287,-0.09483226773689249
288,0.009913755380100232
289,0.023883766450686836
290,0.047887142369184746
291,0.044086744696535
292,-0.07624729189354645
293,0.05162042552799408
294,0.010635378582630273
295,0.016275697371356306
296,0.05781067202389515
297,0.016853274152260095
298,0.07937131381459611
299,-0.1675230288497128
300,-0.03716105222186667
301,-0.0630192086862879
302,0.038040836864252824
303,0.025395130183733006
304,0.10576352958543107
305,-0.10093394988886398
306,-0.05606583185356454
307,0.008533077977477259
308,0.10187815080708436
309,-0.09518387218082805
310,-0.06580055221517096
311,-0.028553294078913678
312,-0.02331004798880061
313,0.044229095899437174
314,-0.017051625778847893
315,-0.007942244736888246
316,-0.06078875826729973
317,0.04123037331792008
318,-0.04784739795247324
319,-0.017195355556576062
320,-0.015762516964659256
321,-0.003263487503345331
322,-0.08713165650169279
323,-0.06046509538651873
324,0.019190080418452916
325,-0.07802809995358226
326,0.032326393002744085
327,0.04674452303529531
328,0.04621409830805395
329,0.04841832947652477
330,0.021559532945279264
331,0.012487707240226693
332,-0.09411236617228091
333,0.01582072855243716
334,-0.03297187537504486
335,-0.026969444671722503
336,-0.054310399371045495
337,0.04386306544002667
338,-0.07591639377357563
339,-0.013180253727590584
340,-0.10559026571376828
341,-0.02037491077421515
342,0.10031621018304689
343,-0.011320833106838799
344,0.0586599309041928
345,0.038482736948683774
346,-0.01854189410242992
347,-0.08532568518739818
348,0.014733711723936697
349,-0.041963461274820694
350,0.07764866346579052
351,0.08194024280288298
352,-0.08990769595678026
353,0.038583819272670794
354,0.0455036000954782
355,0.0646989976120762
356,0.052892534868265506
357,-0.08019891318449122
358,0.011839444747009887
359,0.01976858341123154
360,-0.039423366219196676
361,0.07751174831436793
362,-0.013727463673360758
363,0.007574835994400557
364,-0.038554963918586885
365,-0.03776584217963719
366,0.022673172195441106
367,-0.10225634775639711
368,-0.012319196119779281
369,0.02014260653048408
370,-0.04397832405187511
371,0.10417122481775858
372,-0.019020680610342972
373,-0.06332757114270494
374,0.03841313702754658
375,0.009229571677828027
376,-0.003920071100047825
377,-0.025051694789032842
378,0.06423391568577114
379,0.06062781197536165
380,-0.016465112407283804
381,-0.08167372732993337
382,-0.05450596623263865
383,0.005197443565488175
384,0.08643171971156045
385,0.12816309495985406
386,-0.09711601029977912
387,-0.09885616035493155
388,0.05756550962131204
389,0.03328362127243036
390,0.130826479714968
391,0.011350266039345143
392,-0.03627740689694532
393,-0.0013823931415231597
394,0.059257794135680594
395,0.026718676184415528
396,0.02797507500264151
397,-0.015295875607684794
398,-0.031540486132487534
399,0.01807133621113779
400,-0.11767103930736297
401,0.0035680349790644527
402,0.03725737265098522
403,-0.02276759066150477
404,-0.013187766466499138
405,-0.003732941452905676
406,-0.006212662444228423
407,0.0811436446341176
408,0.07181190792136745
409,-0.001973278525649227
410,-0.044826636404960395
411,-0.11297664304113242
412,-0.01722837060226225
413,-0.13091591753063542
414,-0.11250672672576773
415,-0.061419452985906633
416,0.025723998733737756
417,-0.020075312177956776
418,0.028652883322832043
419,0.008911929991926353
420,0.025835533492809853
421,0.01066208414805238
422,-0.10253236744563475
423,-0.1143621160758208
424,-0.03783400692296355
425,-0.09923430707006958
426,-0.08681580202448852
427,-0.047557765915017404
428,-0.03512685437238017
429,0.09085443446834181
430,0.06632700854502822
431,0.14667800544761408
432,0.04964885142312142
433,0.013142300243383831
434,-0.05978689343349439
435,0.014683885184789124
436,0.0750409446518577
437,-0.06535768742015878
438,-0.026993195317950212
439,-0.025927262174773133
440,0.14111860702140017
441,-0.046546979320234355
442,-0.10188245090307159
443,0.0006117747691333389
444,-0.09650642628139924
445,0.058195315988740344
446,0.016110799399208973
447,-0.07910628079185494
448,0.05539591131424228
449,-0.05668545330617702
450,-0.06916093118204847
451,-0.02214629592972009
452,-0.03996407865583151
453,-0.01395541829109434
454,0.0054163964429834194
455,-0.010995231403495093
456,0.007593669522920639
457,-0.04678465824404085
458,0.0744167338333661
459,-0.03092809758958652
460,-0.022364334239048947
461,-0.024644777513341414
462,-0.03168239842228111
463,0.016883856019793142
464,-0.11396649718953959
465,0.12444753705376721
466,-0.02415166967882862
467,0.061949458168021394
468,0.06004675900780221
469,0.023392270602549715
470,-0.024754187259118265
471,0.032875621287028464
472,0.11917084358535136
473,0.02056612675669456
474,-0.07288349986265392
475,-0.002948543076072383
476,0.06177561192837947
477,-0.07922474929929839
478,0.04954274768120116
479,-0.056222727826808906
480,0.0010707098092610338
481,0.017899460029158952
482,-0.06670102078569731
483,0.054637705746794114
484,0.06675834717846006
485,-0.051370864147581165
486,0.04270410900644749
487,-0.05308793599684364
488,-0.06655199667105749
489,0.053996849096075536
490,-0.09974411921549263
491,0.05843605898350392
492,-0.08561458044737945
493,-0.02899932629060888
494,-0.008073921859446557
495,0.05650663541083351
496,-0.03869981978783856
497,-0.12507378973533495
498,-0.0877737873198754
499,0.025902504915895436
500,0.0057429182097155996
501,0.01304554008878493
502,-0.10223988295538329
503,-0.05223591487452186
504,0.015434899661313676
505,0.0652610552610832
506,-0.04116734269540464
507,0.10965407261936783
508,0.11145772465450642
509,-0.010451080143747567
510,0.12205450245931505
511,0.029417208420720767
512,-0.010878212837501558
513,0.0017004470752976504
514,-0.12448009044110142
515,0.007589557775745553
516,0.05568556260836601
517,-0.14182826865071207
518,0.1509154510176503
519,0.06684615344353254
520,-0.008811060607613245
521,0.030615095071082097
522,0.058544364627405476
523,-0.026990686715362585
524,-0.04963083575895829
525,0.020579934646328714
526,-0.003050320844600428
527,-0.015760626540886183
528,0.07845234010975972
529,-0.033502616430348006
530,-0.012928391353896921
531,-0.11170204717985696
532,-0.012905511408387478
533,-0.10455213438919334
534,-0.018938015507354043
535,0.05059833876797438
536,-0.10122202124502035
537,-0.029382409051932862
538,-0.04438672799318963
539,-0.10057420442242235
540,0.007138651921335977
541,0.004973387466050025
542,0.013547060070538892
543,-0.004442231146903926
544,-0.13411743690099437
545,0.037691399943618906
546,-0.04874288928295187
547,0.0214836558043055
548,-0.04985608504581029
549,0.020466172508228048
550,0.018851016449843654
551,0.05418189604794634
552,0.09597113098424391
553,-0.05316029016123935
554,-0.008452571799311887
555,-0.006054691876376537
556,0.07059652344794726
557,-0.043251191360809495
558,0.011296179633501881
559,-0.0405859107976431
560,0.0004812418761975152
561,0.0225398298200964
562,0.03785615729108213
563,0.008016244608991498
564,-0.02147466157031581
565,0.020426028965203367
566,0.11868953086160734
567,0.1178373985650408
568,-0.06294643574153361
569,-0.028272134701760904
570,-0.014592381014442097
571,-0.08389902433127144
572,-0.006250890934655041
573,0.004097572095787689
574,0.11264614150394799
575,-0.08655352568723482
576,0.014312850372459038
577,0.06547469559874547
578,-0.01849960762585966
579,-0.022035924685581052
580,-0.015284001981846226
581,-0.12354510107575034
582,0.04171002256674021
583,-0.033241495858941504
584,0.10930787041105107
585,-0.056778282120396706
586,-0.017406370049330922
587,-0.0273805381728315
588,-0.06639237888003797
589,-0.0005466105116100328
590,-0.09625332208049264
591,-0.09262551239099295
592,0.019118747539495523
593,0.06770006825478839
594,-0.021925341766964344
595,-0.022977648694299864
596,-0.05420070282478586
597,0.10542778526321667
598,0.004471831854765368
599,-0.0016310390372669553
600,0.1541758135806946
601,-0.02269581450140071
602,0.04685111415286522
603,-0.1330379059775774
604,-0.13397719871966887
605,0.046506437710404844
606,-0.0030216046796017735
607,0.022954985422276836
608,0.020533000254080627
609,-0.021479762071958775
610,-0.0936291162283578
611,0.014110087127306948
612,0.12798152630380538
613,-0.01957961759038545
614,-0.02474996591520791
615,0.09376867289930044
616,0.09003382231421268
617,0.0335156496425484
618,0.022383611439894695
619,0.05490551831849233
620,0.002814131327449289
621,-0.027771400278688532
622,0.031495128798722294
623,0.027936460280329086
624,0.017610316908199922
625,0.08650490259943605
626,-0.028154559216360047
627,0.0022351856081795404
628,0.08064333056491423
629,-0.02136254912330919
630,0.04977170070531201
631,-0.05990772362410166
632,-0.0797142923782784
633,-0.03760260155843172
634,-0.05932007439937309
635,-0.03803076278292348
636,0.029639164089046148
637,0.03782832228922175
638,-0.008157223173341435
639,-0.11498974142691185
640,-0.025946362021749887
641,0.04720867818422367
642,0.005918397052176101
643,-0.00792223320394583
644,0.03563441306327035
645,-0.03541949038882143
646,-0.11074609706416888
647,0.09486380342308388
648,0.06517790228618549
649,-0.03230501060273918
650,0.01546084645546252
651,-0.0369683926217868
652,-0.07790054431769222
653,-0.07486111499842286
654,-0.06987898214910929
655,-0.010702479015813948
656,0.005213552524876762
657,0.030830666968207885
658,0.054719644121158255
659,0.0120382686692857
660,0.017369252615635846
661,-0.11936607058397505
662,0.03904669633084217
663,0.0018904731912504189
664,-0.007773528439204667
665,-0.02967522603658428
666,-0.05544086007009688
667,-0.0020887439953956623
668,0.07518390652398012
669,0.09813711243308545
670,-0.018093647590751202
671,0.042380131999546385
672,0.07315261752245042
673,-0.023868233235138862
674,-0.11234496797697577
675,-0.00405767696333612
676,-0.001440819549981894
677,-0.047844711193252114
678,-0.005426149498045203
679,0.04863466707821974
680,-0.028957003070644503
681,0.06971082988771643
682,0.14885212322108177
683,-0.08149121995672393
684,-0.05916394369883116
685,-0.01739759800433297
686,0.045446647627610526
687,-0.06838649503296068
688,0.05608955136930273
689,0.03477735188915671
690,0.04663928812066635
691,0.059423850027232834
692,-0.015129778195862063
693,-0.05051217589033985
694,0.0500400524317151
695,0.06395510494540613
696,-0.20681841117999333
697,-0.010955530372451599
698,0.02769967995221755
699,-0.11051819052708596
700,-0.0340801705949186
701,-0.09912700181041696
702,-0.04210220935626254
703,-0.15716689317112115
704,-0.07489315511757598
705,-0.02487856642810458
706,0.010730742341364112
707,-0.025976623052206715
708,0.02920315963169877
709,-0.15512452263479692
710,-0.042338075517810575
711,0.047393452492464974
712,0.015648136547765933
713,-0.008273122611929444
714,0.04763288689601415
715,-0.027396372044859472
716,0.10663327611571839
717,-0.04000061076155817
718,0.007676346870985711
719,0.039675699152379444
720,-0.037335665886349456
721,-0.0025408707538449745
722,-0.020968505253096684
723,0.038678326181529075
724,-0.036115081702830676
725,0.018013447806143907
726,0.028557208386134215
727,0.015897988289874643
728,0.0006072797540131594
729,0.00280759754769934
730,0.011130338349496857
731,0.13239993990403756
732,0.10676345389663235
733,0.011375527647971444
734,-0.0835178999804442
735,-0.003895204786467039
736,0.004964841869703657
737,-0.0022469343274502513
738,0.1544157655478867
739,-0.030360627893362566
740,0.01745982507802278
741,-0.0011689435987124106
742,0.008897096704573932
743,0.060784419931302416
744,0.040926034856602504
745,0.0007972912742705926
746,0.0004332381367326151
747,-0.021443908186920782
748,0.06811903918919612
749,0.05676986424640087
750,0.0764893751741222
751,-0.006693703604597711
752,-0.08636645346695496
753,-0.06762092492167335
754,-0.13019788107537844
755,-0.011438462532135915
756,-0.1585689905670545
757,0.05552252285809135
758,-0.04259821242888176
759,0.1563537496349963
760,0.055736970224132126
761,0.13723202560236195
762,-0.049486814439657134
763,-0.01300736984748875
764,-0.035171394506631024
765,-0.11077092434847557
766,0.031848700103621945
767,0.06152095825900188
768,0.06982619395694253
769,-0.08358970027085781
770,0.01273117433980859
771,-0.11563135170554519
772,0.06583668309343088
773,0.06177876972051077
774,0.10326627700626291
775,-0.10366017876758693
776,0.11883637444691315
777,-0.082192485793014
778,-0.023708825421568058
779,-0.03384091894239837
780,0.11760733936522107
781,-0.04852609534768158
782,-0.004341270493227993
783,0.03569818386306272
784,0.052777731551924695
785,-0.08439691596273592
786,0.010433992783932963
787,-0.016715768933845195
788,-0.059742317463615316
789,0.036130303640728646
790,0.05891812187116971
791,-0.042332471668246274
792,-0.030979342086370442
793,-0.04245672307743183
794,0.10043383163331616
795,-0.07348932205919995
796,0.03786491579770809
797,-0.037989742197629565
798,0.07620048021112526
799,-0.08498751085180191
800,0.10759094228965993
801,0.021208690098584032
802,-0.08013588077436318
803,-0.08246207928809798
804,0.101441095190205
805,0.013796941276864132
806,0.06584603457133678
807,-0.01961374514446755
808,0.01544192389244584
809,-0.07831215249108148
810,0.015525556498825659
811,-0.10669266221859289
812,-0.03326606987757243
813,-0.07057495397200754
814,0.06728425631463923
815,0.09082431323063464
816,0.06830961668936537
817,-0.035195018486370605
818,0.07355406889987183
819,-0.0030558469849748856
820,0.0845700427228632
821,-0.021238401895895237
822,0.1151239994785421
823,0.007258218021561902
824,0.04920926338646792
825,-0.0552607011799151
826,-0.061159924201397126
827,-0.0732300695273397
828,-0.10561490800224435
829,-0.009727328690749527
830,0.026339115924480124
831,0.02710311144984698
832,0.011262528272437688
833,-0.04781976913813985
834,0.0028808853290140275
835,-0.1212946145036054
836,0.05510357357153919
837,0.11393876583051674
838,0.06732182902544884
839,-0.043617118038104766
840,0.029880472339059935
841,0.04899592116694492
842,0.08697389074047854
843,-0.0378643309679951
844,0.043157591284342815
845,-0.07359555345393017
846,-0.06285558624312935
847,-0.08126080296056457
848,0.11786712506797907
849,0.04243003360832605
850,0.1276612360434992
851,-0.028200441599504068
852,0.13170966307038298
853,-0.05587570535070116
854,-0.06222612070017283
855,-0.02476303358057737
856,0.004958987657732012
857,0.0018368052125490272
858,-0.0038606142793728643
859,-0.005152669484087262
860,-0.039403556266244325
861,0.11801288811247239
862,-0.0008226278217887201
863,-0.035923875021288035
864,0.13327861419866566
865,0.07044810415011794
866,-0.028649448731912983
867,-0.023030387799378497
868,-0.005468267587839742
869,-0.13371630549130886
870,0.029771448138128345
871,-0.05582575379022507
872,0.11493818038977652
873,0.018308004520931224
874,-0.01377044524186228
875,-0.038401810003103415
876,-0.07172725749696361
877,0.03235610368679056
878,0.00297068536941596
879,0.014106410368260703
880,-0.002367595168008593
881,0.07587245092267365
882,-0.044781141050416404
883,-0.13021151661109498
884,-0.04620686204252793
885,-0.06573394044507204
886,-0.07198905859561465
887,-0.051562847239145115
888,-0.021472405713192966
889,-0.007970412077329523
890,-0.04065102313975668
891,0.08546584038101661
892,-0.04819979923591134
893,-0.025707351417629257
894,-0.03961102002962285
895,-0.021097956641642754
896,-0.03798221604636818
897,0.018188909616700985
898,-0.11985333318899688
899,0.003930269886709551
900,0.02814418954316936
901,-0.04867580839590382
902,0.02616453760344402
903,-0.04961166439291699
904,-0.039351564406362345
905,0.17533181198656195
906,-0.051217983481107676
907,0.06548241445872716
908,-0.053278099412749545
909,0.006705660698258058
910,0.11151026105113349
911,-0.039167893311563555
912,-0.06966555311020006
913,0.038400086080549935
914,0.055119021964269495
915,0.010188330001215096
916,0.047044292213275815
917,0.008579804516627923
918,0.0011097883057207714
919,-0.037171254891095504
920,-0.03932516333716278
921,0.004645528365934981
922,-0.046686090975376494
923,-0.022026800981938776
924,-0.054636712110418637
925,0.04477969723459143
926,-0.04733980906187624
927,-0.03923148300379659
928,0.020153135150837814
929,0.0074743777430215
930,0.03180608595066227
931,-0.06242307128163852
932,0.09037057727659761
933,0.025356598793581594
934,-0.025854000945426617
935,0.04888220754929884
936,0.12412405558728651
937,0.011715210371277334
938,-0.02775936178841748
939,0.07994736497811196
940,-0.01311510619956618
941,0.043052791944891144
942,0.02478562912243083
943,-0.09583794344558717
944,-0.08501155386848483
945,-0.06073943889784008
946,-0.0125230281768279
947,0.09426110346343819
948,-0.0230067018780531
949,0.09640694250116022
950,0.08654353650376538
951,-0.10810496921824991
952,-0.05696278822990828
953,-0.06682930029571622
954,-0.014325948694591611
955,-0.027758424539862235
956,0.05101555482229864
957,-0.11037779637511241
958,-0.09555923180502875
959,0.06229185532959686
960,0.028565987933358933
961,0.019568570847735754
962,-0.04399694077343785
963,-0.09312300442299667
964,0.06005496272712453
965,-0.0076118809613620626
966,0.07413662062408528
967,-0.1252619935271532
968,0.024165356078085294
969,0.04721283121180371
970,0.0485051342171534
971,-0.1159239875344387
972,0.07433963475560693
973,-0.02826098653190198
974,0.04350038460801631
975,-0.07141844499748581
976,-0.013690413737159094
977,0.03274601977581966
978,0.0014022512272425492
979,0.05347573986509875
980,0.0014123591423793403
981,-0.07300229064193155
982,-0.028345229153214167
983,0.011701188170393437
984,0.03766182857708436
985,0.016796000179179583
986,-0.04228973004408534
987,-0.01364788731034713
988,0.0864411130181736
989,-0.07723789323841818
990,-0.023848849277691275
991,-0.030845413121001516
992,0.08902536655939283
993,0.015562669209624671
994,-0.021996567456593143
995,0.0410679155775325
996,0.007376946377244768
997,-0.08385480128604787
998,0.019003322256320763
999,-0.05942159780217981
1000,0.058733377356255
1001,-0.032836067075793174
1002,0.032818708973914694
1003,-0.02267764983793994
1004,-0.04310170091944496
1005,-0.05691427861544622
1006,-0.10360990032177314
1007,-0.056385825201279646
1008,-0.0261457659001864
1009,0.01826745552162632
1010,-0.017533824115012385
1011,-0.032090364898914245
1012,0.06267856020845783
1013,0.04199604568853017
1014,0.06173561018732475
1015,0.060378637162065374
1016,-0.13516078825318661
1017,-0.021215794265078792
1018,0.09065823728736792
1019,-0.005032237127560289
1020,-0.005828579834370836
1021,0.009849581304376206
1022,0.025878194520068083
1023,-0.04490271013000917
1024,0.0806441194520844
1025,-0.09495314053797341
1026,0.07872601142998929
1027,0.05980481715309038
1028,0.012322425172457156
1029,-0.03571532948760024
1030,-0.022978114883164313
1031,-0.05865232924484007
1032,-0.04176168217612333
1033,0.05524404501646237
1034,0.09551725527307453
1035,0.0006260901649028967
1036,0.01759429520019055
1037,0.0672170503211157
1038,0.02575903787541955
1039,-0.07623052063464945
1040,-0.041957773157556916
1041,-0.03787778199412345
1042,-0.07017175544403914
1043,-0.0681997258142107
1044,-0.008028884362788
1045,-0.020230412950379792
1046,-0.026143998768537433
1047,0.06798923138382977
1048,-0.09257685393048058
1049,-0.07574134823470555
1050,-0.06580292410224768
1051,0.05057702432745847
1052,0.016482674288081745
1053,-0.019353223006546374
1054,-0.11457705655520203
1055,-0.012381298527793324
1056,-0.04509320790295686
1057,0.08301859713721615
1058,-0.0035690986563062512
1059,-0.024032828192987084
1060,-0.06286100334763416
1061,0.06631587969098958
1062,-0.01902406070741606
1063,0.05338662438227893
1064,0.033603510312455794
1065,0.03173442168279495
1066,0.01777246320190955
1067,0.07301232944938692
1068,-0.11787663162723995
1069,-0.00015735872944011974
1070,-0.024650377458339267
1071,0.008101104315525782
1072,0.09142060781116293
1073,-0.00654361103170974
1074,0.03877789730636841
1075,-0.06845959044836689
1076,-0.00493224469658634
1077,-0.040035610855621045
1078,-0.03941512319524198
1079,0.05970360694813741
1080,-0.09666700302408629
1081,0.04257399893711436
1082,-0.07303965178902583
1083,0.03403635734621506
1084,-0.03923537164884455
1085,0.053540431841746595
1086,0.004838620131049178
1087,0.00778960464085751
1088,0.012940633821748359
1089,0.06357531220626472
1090,0.003594079315718392
1091,-0.07023413352840481
1092,-0.015974682435349698
1093,-0.15580680755783272
1094,-0.0013049315738757196
1095,-0.01950883229984521
1096,-0.08219752591343403
1097,-0.011263548154492287
1098,0.0058060292217851075
1099,-0.0160099541185979
1100,0.06305746823106337
1101,0.0465640160436811
1102,-0.015853543163325424
1103,-0.026423081616701743
1104,-0.04214602275015973
1105,0.06352677858885881
1106,-0.02054982408318526
1107,-0.059129942762218266
1108,0.09177205084633809
1109,0.11326869105671131
1110,-0.12089044208333516
1111,-0.004506103789703362
1112,-0.07793971788085642
1113,-0.12399138817521985
1114,-0.0015263403913588962
1115,-0.017780469062093577
1116,0.061930203737629023
1117,-0.0897841580606592
1118,-0.029472386844915033
1119,0.0348133974902593
1120,-0.03181571589316458
1121,0.1055772441902616
1122,0.1086857794978588
1123,0.024795149677019825
1124,-0.01407877893898376
1125,0.05477896370867899
1126,-0.028580489625401436
1127,0.054852018220314
1128,0.11009594348329331
1129,0.0006543687317177528
1130,-0.02650560614380449
1131,0.06727728025098569
1132,0.045381527111530165
1133,0.05740727929091111
1134,0.08469807346224975
1135,-0.1214010636296288
1136,-0.02693269364442047
1137,0.057818307468216285
1138,-0.10009826945315801
1139,-0.08477770457442371
1140,0.13586678200061772
1141,0.03015249192434027
1142,-0.00994127841866735
1143,0.10023460237875521
1144,-0.15904374863057558
1145,0.021986709437108058
1146,-0.012535049571374645
1147,0.012898708305731563
1148,0.0788215948369474
1149,-0.1289590621014789
1150,0.015191386323375348
1151,-0.05759462622261452
1152,0.026090828895492742
1153,0.008724186031527272
1154,0.042350309923544625
1155,0.10333871773352729
1156,-0.04991813070088913
1157,-0.07290759186045878
1158,-0.01045401500967674
1159,-0.14261196342946064
1160,0.11219330473385718
1161,0.003851904336442838
1162,-0.006852283166895857
1163,-0.08791772674550102
1164,0.016231259068901986
1165,0.11980012948940644
1166,0.08768482250180323
1167,-0.042852657202780406
1168,-0.05463238765011486
1169,0.018297236656986612
1170,0.06138366811738271
1171,-0.10934255113877027
1172,0.12308830146335503
1173,-0.12071468054169168
1174,-0.0871912001586965
1175,-0.033332311838044
1176,-0.004078038543378467
1177,-0.08672954626325814
1178,-0.037847085303847214
1179,-0.13690466407214325
1180,-0.0008805441552534607
1181,-0.053748090344870963
1182,-0.0014304759403714873
1183,0.06543169843237515
1184,-0.02401009026966251
1185,0.06968304188480191
1186,0.007100529578449432
1187,-0.0911540658777983
1188,0.008724378846527237
1189,-0.028763880117747755
1190,0.053681697969740885
1191,-0.05767858407869845
1192,-0.017355425943533283
1193,-0.1367201296087201
1194,0.027831500787455467
1195,0.13951501522211643
1196,-0.10115516173670762
1197,0.09890467232459292
1198,-0.10681317501699382
1199,0.015930377597019537
1200,-0.05444686895462003
1201,0.05571789265199239
1202,-0.12053222511042344
1203,-5.434857355763681e-05
1204,-0.01334449899008091
1205,0.05031711647340787
1206,-0.02229651900356539
1207,-0.047185823414590586
1208,0.011925560356772315
1209,0.04055300129910197
1210,0.0991157740911697
1211,-0.00914435419811146
1212,-0.004339791870808909
1213,0.031504040760395625
1214,-0.04784361824983886
1215,-0.09354642483246077
1216,-9.964780183258422e-05
1217,-0.008537256822054692
1218,0.023892905876908566
1219,0.02825486702140497
1220,-0.06634071754000641
1221,0.06386436479739002
1222,-0.10760230107434833
1223,-0.015123992257842127
1224,-0.15131412471053174
1225,0.06693263806319877
1226,0.0014678788449552964
1227,-0.08229383121972822
1228,-0.021701131450432114
1229,0.046469425114426796
1230,0.06023838292729702
1231,0.0027799596451304515
1232,0.03803763914258841
1233,-0.0588799605633932
1234,0.0667308102468204
1235,-0.15672106900662996
1236,0.0017016048914842475
1237,0.0647612477855845
1238,-0.016658282129780017
1239,-0.022892020273275127
1240,-0.03859595433984531
1241,-0.12930797839585995
1242,0.051567035965858724
1243,0.014108311782698385
1244,0.0225787266471105
1245,0.012600800959931373
1246,0.06853079670102005
1247,0.041157313110143985
1248,0.06841442727634246
1249,0.05679910062300152
1250,0.027035991013355846
1251,0.02560432247690374
1252,0.0963850002199844
1253,-0.031030898426863827
1254,0.1077572689481272
1255,0.007273871623314689
1256,0.004580683901642597
1257,0.053753933712862204
1258,-0.04783526559592992
1259,0.058526339526107064
1260,0.0022039764823442148
1261,0.031086089665262134
1262,-0.06311686923064283
1263,-0.14898402473749664
1264,-0.009708560044309743
1265,0.014667105015794426
1266,0.06515125964105697
1267,0.08675951392089776
1268,0.1151087188127391
1269,-0.0587013290781803
1270,0.05329141293195859
1271,0.04925122657125186
1272,0.028674365198882473
1273,0.021416869822403907
1274,0.06911592955256296
1275,0.10201559732846278
1276,-0.09093725976933127
1277,-0.047161442984318874
1278,-0.014894116032599259
1279,0.05855244520212882
1280,-0.017988124168319065
1281,-7.812981843609423e-05
1282,0.030971846420502585
1283,-0.026062145743443305
1284,0.12383554284846282
1285,0.00491797794921352
1286,-0.13087891649585057
1287,-0.03679405791484875
1288,0.040412114795664054
1289,0.05784250365499913
1290,0.014761835521909841
1291,-0.04975983468527083
1292,-0.05373356014466341
1293,0.04987649774940462
1294,-0.10081436869604375
1295,-0.016888134431822396
1296,0.15835616580171863
1297,0.026331030588760296
1298,-0.002194609719606769
1299,-0.03868887074655579
1300,0.05549299693665943
1301,0.08051442285383904
1302,-0.058241510191066305
1303,0.01103939566926942
1304,-0.041452154302226984
1305,-0.024026999147870813
1306,-0.022798126061578
1307,-0.13947163615152047
1308,-0.055726143013600245
1309,-0.0014981803380975762
1310,0.019668282235227517
1311,0.03668727460573149
1312,-0.01738501253816334
1313,-0.015023497937872764
1314,0.017949594836585304
1315,-0.033594128271056484
1316,-0.04329051463546425
1317,-0.017616613563661072
1318,0.020369474503875742
1319,-0.044513500594094875
1320,0.013078429189945066
1321,-0.12452143940979758
1322,-0.11606680901171577
1323,-0.07715544040586429
1324,-0.016965462425505652
1325,-0.012897109312368475
1326,-0.0069278327945803565
1327,0.01629957479346258
1328,0.0744436794102646
1329,-0.02285171299661577
1330,0.09271336850614827
1331,-0.05418944818018369
1332,-0.08749630804149484
1333,0.09701845537162367
1334,-0.022973697440778283
1335,0.03894569956051663
1336,-0.05770956967971249
1337,0.05161322053616699
1338,-0.014892252102630978
1339,0.009309809132677302
1340,0.001888718759651291
1341,-0.10135068237906424
1342,0.012220333491648049
1343,-0.02904104897966936
1344,-0.05592013044412862
1345,0.006882206624903752
1346,-0.014871550106079347
1347,0.043194613428666886
1348,0.09089914524919136
1349,0.022679835167135155
1350,0.03769870073271736
1351,0.0050478663193400065
1352,-0.0638313804039639
1353,0.07553240093138888
1354,0.10180183687098504
1355,-0.09822836193018661
1356,-0.050909058013630416
1357,-0.025636468189830525
1358,0.0745175860962222
1359,0.08812428984923873
1360,-0.07961497731083415
1361,0.021927737451252614
1362,0.12105966847821793
1363,-0.01057191297533081
1364,0.0303916900824727
1365,0.08200717802940018
1366,0.0776925115076394
1367,0.020058131942019098
1368,-0.0468200549723821
1369,-0.11665155458018295
1370,-0.07471675735689892
1371,-0.01902103389148311
1372,0.01351904071275545
1373,-0.0032486476528151174
1374,-0.02562774408052475
1375,0.042538033783337384
1376,-0.04190120961431601
1377,-0.11739635884890948
1378,-0.02587387206442825
1379,0.1491016479432713
1380,-0.025982149057844
1381,0.00529909400665719
1382,-0.0221127374312634
1383,0.03814943835199979
1384,-0.03935294641483287
1385,0.035311987720838045
1386,0.001757437214161087
1387,0.04773870948229312
1388,-0.05468275478070827
1389,0.040029369057945
1390,0.13066686991282028
1391,-0.0837309145724059
1392,0.04805428139847757
1393,0.023455624902534312
1394,0.024730181187692993
1395,-0.0221135367289177
1396,0.08229602820916386
1397,-0.05217047481156889
1398,0.05426278374110405
1399,0.021921991348170515
1400,0.08422675044562192
1401,0.10859952586553046
1402,-0.022063303689276517
1403,0.029760407345728854
1404,-0.07255396996010362
1405,0.023755697503951383
1406,-0.049773599080318656
1407,0.0862949103163876
1408,-0.029639355144566868
1409,-0.02595654841361081
1410,-0.0033021650864948865
1411,0.020648593074422315
1412,0.008500219869840198
1413,-0.023220332377253055
1414,0.0613213650804147
1415,0.012574319217016962
1416,0.002621961083815127
1417,0.030066252774706398
1418,0.08571252442706777
1419,0.01416939717952012
1420,-0.011198608976576502
1421,-0.01872627837672572
1422,0.060204526288171384
1423,-0.01803414799868205
1424,-0.059683747693728445
1425,0.02205429008709507
1426,-0.03764320471932195
1427,0.017936526449719485
1428,0.04060381126622215
1429,-0.011718701230611325
1430,0.07016885990958698
1431,0.06418306701582194
1432,0.01967993972310266
1433,-0.037232696968752824
1434,-0.08864439681367649
1435,-0.11893352129856465
1436,0.09463860497124814
1437,0.04529203331377467
1438,0.04963316249622403
1439,0.03468672518097439
1440,-0.033105047584428386
1441,-0.0063563353235767785
1442,-0.12988929082247672
1443,-0.032602004979431484
1444,0.006127741951137539
1445,-0.07292541993570105
1446,0.007812580934937698
1447,0.07843322160508977
1448,0.0007831221874433215
1449,-0.026697806462180684
1450,0.06552297475461108
1451,-0.09246235353705559
1452,0.0010846298005505967
1453,-0.1669629101510879
1454,0.035571777884165254
1455,0.05254033541100728
1456,-0.039045506769177826
1457,-0.03948163265473991
1458,0.018215208655152144
1459,0.0540564358210329
1460,0.044270940573989774
1461,0.029978149266653518
1462,-0.03506429980366004
1463,0.019184949428842316
1464,-0.0672810783534832
1465,-0.048642897548685046
1466,-0.11187340773847945
1467,-0.09084528587432686
1468,0.11964739147992706
1469,-0.060441562268658135
1470,-0.014993965585826082
1471,0.008387810312578597
1472,0.01312407995896592
1473,-0.06852996824550196
1474,-0.12255769063346746
1475,0.04558267404531276
1476,-0.028611762683231422
1477,0.0012307854517292912
1478,0.03133964256563487
1479,0.0063373087899218335
1480,0.013858804864447334
1481,0.10150598763746349
1482,-0.09961262452060739
1483,-0.07574246747290277
1484,0.004351171057441233
1485,-0.09510990125651048
1486,-0.042701244278085713
1487,-0.09776620447054435
1488,0.01962676049065707
1489,-0.10593934578818337
1490,0.12059300401571305
1491,0.08205649633613314
1492,0.0973310578560312
1493,0.06543409569059572
1494,-0.09979635169217226
1495,-0.008972759694096583
1496,0.0036531253220406204
1497,-0.025368616950706982
1498,-0.004685559176721922
1499,-0.06059893546095378
1500,0.01736507260385964
1501,-0.004708226013245066
1502,-0.05809009620361861
1503,0.05626744009537058
1504,-0.05624463317066054
1505,0.007012790926654817
1506,-0.02832059289098881
1507,-0.051299080386839634
1508,0.0076834182460070585
1509,0.04258734131981765
1510,0.14716958126834911
1511,0.01864996926105716
1512,0.025918064617370676
1513,0.010269838103347669
1514,-0.03233823672768407
1515,-0.01586035308819165
1516,-0.0033975934544263975
1517,0.03462023576004022
1518,0.05465006125343083
1519,0.17389121971295038
1520,-0.03840600960546384
1521,0.006189665945581789
1522,-0.06778659270915188
1523,-0.026425716090852605
1524,0.072178237518444
1525,0.036007687830070384
1526,-0.13686757570849217
1527,-0.09191800632378305
1528,-0.05504255271280038
1529,0.01990598882093923
1530,0.039563812072489796
1531,-0.0758677318265231
1532,0.02763497373845353
1533,-0.13806641847083162
1534,0.076775636128064
1535,-0.03495193656347728
1536,-0.01534755895513028
1537,0.04024032581599356
1538,-0.026526260226913387
1539,-0.07411669977074649
1540,0.04941791910201986
1541,0.004139563926140388
1542,-0.03275604791578181
1543,-0.0803823361050374
1544,0.036652638082539296
1545,0.0012050180193405604
1546,0.054511531363574735
1547,0.025865765354109838
1548,-0.11434148765476662
1549,0.1051595529635722
1550,-0.06421987109322888
1551,0.04448017461094179
1552,0.08136223576678578
1553,-0.022241998425272535
1554,-0.057881526604726126
1555,0.05334803147244195
1556,-0.07246673026733937
1557,0.007585891047447014
1558,-0.025754646810113344
1559,0.06725887843371003
1560,0.00509556246626725
1561,-0.08319865838447514
1562,0.0291910813609757
1563,0.15572061903415496
1564,-0.08411694366936008
1565,-0.07811429702339644
1566,-0.02065933038353131
1567,0.01822052039536839
1568,0.0764424886050256
1569,-0.04749558058767121
1570,0.026151433058074353
1571,0.06248486069945057
1572,0.035793490903009755
1573,0.04680658676216489
1574,0.047246464884452354
1575,-0.0077019734951115975
1576,-0.06742759338654469
1577,-0.0676064921923021
1578,-0.04711499925783513
1579,0.043725216396074934
1580,-0.1025262778796163
1581,-0.055699019451114815
1582,-0.017645419590854725
1583,-0.06313887195616208
1584,0.05351087678645163
1585,0.0713772926751318
1586,0.010727557671074053
1587,-0.06243624066342519
1588,0.13839047260512108
1589,0.020055219089282636
1590,0.0009261335111641907
1591,0.05089801160210846
1592,0.11156356358235334
1593,-0.08864898979210156
1594,0.012932396439829623
1595,-0.023480897011404996
1596,0.08413302803511764
1597,-0.009467478181181975
1598,0.05750200387289194
1599,0.03578310037189034
1600,-0.005726929190468876
1601,-0.015197933897326177
1602,0.05401070988094304
1603,-0.054885403412567424
1604,0.1223765474253577
1605,0.05741991358772557
1606,-0.0013028990308415712
1607,-0.11610700432026663
1608,0.0005496976773556622
1609,-0.01706140882598211
1610,-0.017896707099929545
1611,0.0005535453892481128
1612,0.10606591398560669
1613,-0.021655095956375863
1614,-0.012887758109067183
1615,-0.030616437142967554
1616,0.06635343211822795
1617,-0.1578979890882067
1618,-0.005931258340015985
1619,-0.10669974445525741
1620,0.009273634109079098
1621,-0.005085730212826761
1622,0.021711095504599612
1623,-0.01497957886748482
1624,-0.04476861151338719
1625,0.04674289110764487
1626,-0.02515000121761905
1627,0.038654312816100496
1628,-0.09517237205253384
1629,0.019795561119883866
1630,-0.018466129221305038
1631,0.05860244765300361
1632,0.00045617508650481976
1633,0.009902578103708487
1634,0.0402515841204405
1635,0.10413414956734467
1636,0.07919227579030767
1637,-0.0142854819835145
1638,0.016888414739901034
1639,0.04052252362964198
1640,0.06496876040293571
1641,-0.027438171955218263
1642,-5.090175670772049e-07
1643,0.007893174037130008
1644,-0.10204181177359314
1645,-0.0359607565029567
1646,-0.05677315309371201
1647,0.05426962628666829
1648,-0.10796824088969398
1649,-0.022482781676860134
1650,0.028281312994866373
1651,0.028069409901860676
1652,0.030118353059855444
1653,0.05622834272121876
1654,-0.021015539974664352
1655,-0.030027233071197687
1656,-0.057488214502110786
1657,-0.09019499207849004
1658,-0.07200763404110433
1659,0.04350694600248291
1660,0.07334295401313312
1661,0.11760233060919704
1662,-0.023912256078009543
1663,0.19851663578203632
1664,0.011312755101200687
1665,0.06366001678972624
1666,-0.004938506319255776
1667,0.020182322053547763
1668,-0.1024738804014405
1669,0.04165821383238077
1670,0.04574545358729404
1671,0.007557429892886243
1672,0.017965172746474748
1673,-0.05053069714214829
1674,-0.026730856518553052
1675,-0.027369886387249142
1676,0.01729215051114326
1677,0.15200584172673143
1678,-0.14919841806543313
1679,0.041340577109979834
1680,0.0369887081853207
1681,-0.03691297710793982
1682,0.0380012483124934
1683,-0.01320647563804365
1684,0.07562747870160427
1685,0.025840706063405838
1686,0.021024777198307778
1687,0.041821306793070605
1688,-0.07930194309409887
1689,-0.07876686281584125
1690,-0.009883716667915687
1691,-0.052313507473423344
1692,0.030945562360433703
1693,0.009797141780409286
1694,-0.04204755435829965
1695,0.02503703236336908
1696,-0.05346243563925846
1697,-0.0199558328407606
1698,0.08347661532848347
1699,-0.054365761743818734
1700,-0.03593214670057073
1701,-0.05781552756199574
1702,0.008570989689399499
1703,-0.03083171286856537
1704,-0.08309477813431201
1705,-0.06128679779269205
1706,-0.07582646554065156
1707,-0.06358146679470651
1708,0.021332666751781578
1709,0.04353364307260833
1710,0.08913651087874448
1711,0.029645320497828427
1712,-0.02318090107229937
1713,-0.08132823162761922
1714,0.026136513152513308
1715,0.1258676160824758
1716,0.03356671230996722
1717,0.019049423184202767
1718,0.017870327235642497
1719,0.04126019078798363
1720,-0.04940466203846751
1721,-0.0192889822569357
1722,-0.03675231764090797
1723,0.052905771484319096
1724,-0.01797854587275109
1725,0.010205472664097385
1726,0.01209297666392784
1727,0.11926350683094344
1728,0.05297362266967523
1729,-0.03784693392474217
1730,0.03709425850105533
1731,0.06162327372716047
1732,-0.06467086859788806
1733,0.004251654866405903
1734,-0.050854920256849206
1735,0.004208667124698658
1736,-0.06913526522788685
1737,-0.06576801753865391
1738,0.0033741289257861744
1739,-0.03485978412662727
1740,-0.014197868471621182
1741,0.005187988413665068
1742,-0.09233348600868906
1743,0.07003728123482364
1744,-0.030013534663433615
1745,-0.09750961097518386
1746,0.0716511501169414
1747,-0.09630404565151257
1748,0.09432003497128026
1749,-0.0034113241883762697
1750,0.0016030800410133353
1751,0.05940757312590829
1752,-0.02173374275940466
1753,-0.017244643030358706
1754,-0.03305977172915727
1755,0.09214362046812115
1756,-0.1570699872427126
1757,0.10375505034464147
1758,0.1367900971964601
1759,0.04899864234134972
1760,0.04483605821807439
1761,-0.0536872861856566
1762,-0.06994836894875507
1763,-0.012811679703164587
1764,0.042338672908365814
1765,0.0720911260698912
1766,0.06465617669141717
1767,-0.052514111098264135
1768,0.07116217710394679
1769,0.04506413575204773
1770,-0.018744678029400476
1771,-0.009948369435486545
1772,0.05325870138061668
1773,-0.07490673392882473
1774,-0.022893240957836045
1775,0.050176413662977946
1776,-0.020387560434000206
1777,-0.039467106942627506
1778,-0.05694391614645803
1779,0.05945080272641783
1780,0.019532892200115597
1781,0.04350160463063916
1782,-0.045624642362108024
1783,-0.030244494965482878
1784,0.030529063301877924
1785,-0.030154222578188776
1786,0.03657992829755271
1787,0.06511195773829848
1788,-0.09853859217525297
1789,-0.001999450051143633
1790,0.1299642460725824
1791,-0.12527264776110805
1792,-0.025477978664163275
1793,-0.07164319425400571
1794,0.04455250289525924
1795,0.09819524188915073
1796,0.03778087928918185
1797,0.031167092008676116
1798,-0.04342253841614343
1799,-0.0033076401904292966
1800,0.12704384802663876
1801,0.03858799504318763
1802,-0.027196050905529786
1803,0.03804226233224865
1804,0.03137691245580928
1805,0.07624531800796944
1806,0.048577297905452003
1807,0.07379575593273965
1808,0.014106057686790853
1809,0.12950921426443193
1810,0.015054570067246217
1811,-0.06840242324357478
1812,-0.042983407610607254
1813,0.009356537848189062
1814,0.01676552866828749
1815,-0.03533399395304984
1816,0.06361349279617838
1817,0.06748917611666595
1818,0.050791129108224954
1819,0.01973292969087804
1820,-0.03518905949008013
1821,-0.048587957299644206
1822,-0.10689284715764928
1823,-0.0016957987063599043
1824,0.0036493482416521594
1825,-0.008226354483845344
1826,-0.02686055807693174
1827,0.027051781930283632
1828,-0.10671194254919683
1829,0.026612580205379908
1830,-0.054504701712278246
1831,0.09268938267592573
1832,0.05613959992097833
1833,-0.1360847784826672
1834,-0.06318861855846893
1835,-0.1209435657745086
1836,0.013156593418766844
1837,-0.07941042243895426
1838,-0.04955466777909779
1839,-0.012516869331777954
1840,0.13221783309791948
1841,0.06985159991975075
1842,0.052223742549405455
1843,-0.13858413693146115
1844,0.0011727297175436653
1845,-0.05243910204606894
1846,0.03790334160588299
1847,0.09596675249765643
1848,-0.017746816333961375
1849,-0.060076220370601556
1850,0.10412585104265873
1851,0.08759271461536279
1852,0.016274781297716034
1853,0.009327424032295289
1854,0.08023915740445349
1855,0.075383337178563
1856,0.005436930273943135
1857,-0.11813512384437623
1858,0.06918542792008406
1859,0.003898852968281221
1860,-0.06332055028368505
1861,-0.013568536056151654
1862,-0.10279531707826513
1863,0.01754656423574227
1864,-0.03842656798055077
1865,0.113535728681038
1866,-0.06607642395974989
1867,-0.06172527101310399
1868,0.03378456256619439
1869,-0.03889371726053532
1870,-0.15231058144363713
1871,-0.06378598778602156
1872,0.03876600707016864
1873,-0.010513542723026544
1874,-0.04162250791434783
1875,-0.0018289317034012444
1876,-0.021444606129651714
1877,-0.10275897500149105
1878,-0.12468557602616301
1879,-0.1062966205952151
1880,0.10486200115886973
1881,-0.10451206612497574
1882,0.09087117917279115
1883,-0.0569020776704502
1884,0.004988841614751635
1885,-0.022170544560214583
1886,-0.09047392983461947
1887,-0.15629842698494015
1888,-0.0627016409305584
1889,0.05227327870624192
1890,0.07231046527158762
1891,-0.039510255583804756
1892,-0.05629227631009447
1893,-0.03462163537476878
1894,-0.07854353019677285
1895,0.0393013432146005
1896,-0.02678719392891959
1897,-0.08920112396831517
1898,0.050243287358770865
1899,0.014643919296112189
1900,0.033722732936805076
1901,0.0748400011721722
1902,0.13642564149915187
1903,0.014293463724546051
1904,0.004678300400509575
1905,0.08183407185699441
1906,-0.08493511020132871
1907,-0.0319559021745103
1908,-0.0339322953625693
1909,0.02181897417933555
1910,-0.04261976833985244
1911,-0.08504904367231342
1912,0.042157345001122254
1913,-0.0305448494902216
1914,0.02298818328249894
1915,0.07316621195302296
1916,-0.00045755632474536886
1917,-0.0041245993634749884
1918,0.014037409956328722
1919,0.049847117950475625
1920,-0.05601913585746568
1921,0.05741153990187978
1922,0.013316022673796802
1923,-0.05731738226958919
1924,-0.09091177830961159
1925,0.10406852567450675
1926,0.019361926441324374
1927,0.02759769128457704
1928,-0.031289460125111315
1929,-0.01786863381157467
1930,-0.02411542074792471
1931,0.0039038522863670323
1932,-0.07133752806650503
1933,-0.06504665317699769
1934,-0.020632343225698565
1935,0.009857906106142567
1936,0.013234189270900728
1937,-0.020672106468283734
1938,0.04790678185926106
1939,-0.08916239996186608
1940,-0.04759976985982973
1941,0.02398841736427796
1942,-0.008792563986969435
1943,0.08748378405219498
1944,-0.026081944310053264
1945,0.013666519128676913
1946,0.11010852375705588
1947,-0.04835084814075119
1948,-0.0772324846598965
1949,0.08777319595510122
1950,-0.05651302810019699
1951,-0.01960853830228816
1952,0.016843029304734324
1953,0.12668116327564236
1954,0.06221186811665383
1955,0.018706776502234505
1956,-0.016110405350689756
1957,-0.0168654065952643
1958,0.05763753426032742
1959,0.07472697491092263
1960,0.03436886441800921
1961,-0.08228387659194802
1962,-0.043588363395472104
1963,0.04501976135673451
1964,-0.0024050994759730994
1965,0.031156385047277323
1966,0.09457958109385484
1967,0.03884098082127503
1968,0.008577915410037617
1969,0.003813198466105284
1970,-0.11200060671926848
1971,0.05603631563697234
1972,-0.09240842820323115
1973,0.0168359348457289
1974,0.0038085723065028306
1975,0.1036295476397335
1976,0.02073997253453707
1977,-0.00015557734722430547
1978,-0.08307436194230165
1979,-0.017914363409633243
1980,0.015536436046220263
1981,-0.1413406646109567
1982,0.08966877738464692
1983,0.1254249506609736
1984,-0.08647050369023002
1985,0.006487202881115145
1986,-0.09214153737129334
1987,-0.01468792167923674
1988,-0.06232308560541985
1989,-0.017400590352052228
1990,-0.0181706474983718
1991,-0.061125028483118
1992,0.02991729919589306
1993,0.08804396663003206
1994,0.005670125218729516
1995,-0.021664879410161365
1996,-0.009548997991704377
1997,0.0020214110447079603
1998,0.05507108981300274
1999,0.004996512281090923
2000,0.11000928931745611
2001,-0.008452865050261247
2002,0.07279113305041517
2003,-0.005020140029391715
2004,0.01582660278653118
2005,0.08264146777766007
2006,0.01000987162488401
2007,0.028609213199062643
2008,0.008848961124564894
2009,0.028551569550647964
2010,0.030838589904983674
2011,0.0274673043012524
2012,0.051267112005314
2013,-0.05935745482510963
2014,-0.042663683995637414
2015,0.028472599711255313
2016,0.023936199387278177
2017,-0.06877543699304482
2018,0.0207295471637038
2019,0.04448979761991744
2020,-0.12251794068978944
2021,-0.061188153878753815
2022,-0.010286107681780947
2023,-0.056967891804925265
2024,-0.030541289046246724
2025,-0.022199283619874288
2026,0.00792455426666566
2027,-0.07259549665371222
2028,-0.09290219499339608
2029,-0.11019992138956933
2030,-0.1423513210511298
2031,0.07486028341617973
2032,-0.02193277800001864
2033,-0.08292000193263704
2034,-0.11251726783635847
2035,-0.0948168237199498
2036,0.021756439186257838
2037,0.00338665910709853
2038,-0.13915385565912186
2039,0.062417288519840394
2040,-0.18219064356309303
2041,-0.027516216932002468
2042,0.04944671828022202
2043,-0.034595484506419055
2044,-0.02308648534980671
2045,-0.11218793317766487
2046,-0.041360169813330655
2047,0.04253066933554188
2048,0.02557715348269732
2049,0.05431772002873309
2050,0.04542890392956494
2051,0.027968032309547756
2052,0.04225591620747789
2053,0.04353766683248415
2054,0.0688533934214791
2055,0.027901191878342214
2056,-0.08969261131934689
2057,0.011754224439976679
2058,-0.10223975346945019
2059,-0.07956820898020169
2060,0.02661376095168614
2061,-0.0344727387361564
2062,-0.010969405936405635
2063,0.03263343897201934
2064,0.021647675187672476
2065,-0.09500207355981635
2066,-0.09967943772382423
2067,0.0251750054457876
2068,-0.017563880067687672
2069,0.012989652666520102
2070,-0.10522796222849533
2071,0.1215065404975927
2072,0.03740899185695416
2073,-0.06543414060425237
2074,-0.026290980847118756
2075,-0.006329144465021901
2076,0.09290593221884298
2077,-0.06549842609433904
2078,0.04338361810770837
2079,0.13418722163663308
2080,-0.04774330709967917
2081,-0.0335441150133882
2082,-0.042911144677096474
2083,0.06485493992757177
2084,0.0272007687396747
2085,-0.015522246089849295
2086,0.0007122353852272873
2087,-0.051990040578790184
2088,0.002092422457787288
2089,-0.04269366726762941
2090,-0.05858916627474168
2091,0.045548929966905606
2092,0.03443076049485453
2093,-0.09592260564526903
2094,0.036607742073455345
2095,0.0610799250159486
2096,0.04436654608931321
2097,0.00676323220351078
2098,-0.06867793408363435
2099,0.047681793591476
2100,0.0020803655484424367
2101,0.1167037587529702
2102,0.012852484672827593
2103,-0.12996832271756362
2104,0.11620993627919891
2105,0.009643338735497355
2106,-0.1022189577540718
2107,0.15726841479739173
2108,-0.002368866426616156
2109,0.052204698441703085
2110,0.09032673757127034
2111,-0.02767076614368902
2112,0.06764893345986468
2113,0.07156806419042673
2114,-0.03731578533156568
2115,-0.08147845183152662
2116,0.011596764315159441
2117,0.04535114563648767
2118,-0.02459183017127481
2119,0.007444001014200378
2120,-0.003484321175147249
2121,-0.02126336803517556
2122,-0.09201278403813018
2123,-0.08897225848997195
2124,-0.03833210360198433
2125,0.07174441473494104
2126,0.062491302353255486
2127,0.0031307775450467546
2128,-0.08078049291576778
2129,0.053891509788282436
2130,0.03352776165209619
2131,-0.10275947556565175
2132,-0.009323640393509188
2133,0.054374901964448295
2134,-0.08245594611379573
2135,0.024643534095779573
2136,0.012273782683937966
2137,0.042978801092501275
2138,0.18464977635584776
2139,-0.07477254118505089
2140,-0.09323313667895007
2141,0.041428228550682775
2142,0.04385547598295616
2143,0.017286511361967908
2144,-0.006849836885085881
2145,-0.040426472024222185
2146,-0.03665498297733517
2147,-0.02715001885316076
2148,0.04448112580881535
2149,0.018948465460364338
2150,-0.0623983093529971
2151,-0.11837125407228634
2152,-0.025624308664198216
2153,0.06721995388982033
2154,-0.0074146202795126875
2155,0.04016804165625253
2156,0.04654041426265826
2157,0.055892361818324826
2158,0.008893259062656143
2159,0.06442969000751093
2160,0.005756073804233787
2161,0.0044373513032561285
2162,0.07747386870902118
2163,-0.06701559616272439
2164,-0.08446403806422599
2165,-0.12709229620037057
2166,0.03649548928919918
2167,-0.007397297508392194
2168,0.0601271354229523
2169,-0.040447337294383184
2170,-0.13420245888878932
2171,-0.0009771317634301258
2172,-0.13909106761974124
2173,0.030790964212594373
2174,0.02976505840907724
2175,-0.02270614578075731
2176,0.022295038386329083
2177,-0.019005449103544122
2178,0.15853320772173357
2179,0.08861742180132291
2180,-0.03704824190443306
2181,-0.03565674161261163
2182,-0.12773821073872874
2183,0.06136213246055671
2184,-0.044907799979959064
2185,-0.07680137667246399
2186,-0.1542267024654899
2187,0.024887749249415447
2188,-0.023015425301859876
2189,0.053159019639884654
2190,-0.1048581053372949
2191,0.012326520794767043
2192,-0.10403093999060302
2193,-0.0009021890739095385
2194,-0.008758234539960611
2195,0.03571859611628605
2196,0.028096797966686793
2197,0.057133904664332685
2198,0.07724167532633944
2199,-0.04922145910138206
2200,0.014512189845363285
2201,-0.021197908236277187
2202,-0.040830807192644085
2203,0.05614889220006502
2204,0.010886361114742405
2205,-0.05254961603079342
2206,-0.1033381210135003
2207,-0.036869596770181465
2208,-0.002877297084010268
2209,0.008822650549933487
2210,0.09507326742793651
2211,0.05495661992008373
2212,0.014675821930747995
2213,-0.06318910488112799
2214,0.04754471288623232
2215,-0.11178099209972875
2216,-0.08892378053510085
2217,-0.06153377466821236
2218,0.12650593619812556
2219,0.040427869932267026
2220,0.02111915074786751
2221,-0.10471654550298658
2222,-0.1117079292601795
2223,0.025126406869891354
2224,-0.03233022041113224
2225,-0.03487633344183884
2226,-0.011868836246336873
2227,0.003225390496139024
2228,-0.049231029439670525
2229,-0.014558595291638316
2230,0.010087870218687083
2231,0.03654747502513612
2232,0.1570388732406192
2233,0.0397313545567018
2234,0.046127640595010434
2235,0.0014015106127708253
2236,-0.014698886696516924
2237,-0.016307318799797743
2238,-0.010399540000469294
2239,0.1221150479247977
2240,0.046895130764527206
2241,0.012419042941639667
2242,0.04780579477106207
2243,0.034615527388670735
2244,-0.02970109303894949
2245,0.013361950644304515
2246,0.00613690150101071
2247,-0.07019764315215873
2248,-0.007769508399877219
2249,0.004672495694383323
2250,0.011862833257227964
2251,-0.06330136266734539
2252,-0.031037769584972688
2253,0.03866109748793433
2254,0.04175862471369747
2255,-0.04891199295797403
2256,0.11348580061204168
2257,0.03756473951768487
2258,0.041444835492056395
2259,0.08473024870897124
2260,-0.03419621471541144
2261,-0.026470024101659887
2262,-0.03186074945372543
2263,-0.002744384780466315
2264,0.10204017960013424
2265,-0.03562174362247826
2266,-0.0011565001928085638
2267,-0.03411901960321386
2268,-0.02110375846576963
2269,-0.07726088614120771
2270,-0.07229866841726215
2271,0.028658584606326233
2272,0.08816711765636338
2273,-0.04347076631000389
2274,-0.03741364874569205
2275,-0.02063161025143138
2276,0.008386585330748155
2277,-0.029427505573239428
2278,0.0232708107667733
2279,-0.059364264403737536
2280,-0.06309056461533462
2281,0.006859839209757659
2282,-0.020133099691999463
2283,0.07502091688193734
2284,0.04330975996612369
2285,-0.17334034305662113
2286,0.013911655335730268
2287,0.04430904182652434
2288,-0.10648697281454446
2289,0.08968380779352461
2290,-0.02504923396102721
2291,0.11410716728867892
2292,0.015443313161065996
2293,0.09825159440968603
2294,0.1314733151630242
2295,-0.07302500083768784
2296,-0.062471125050148756
2297,-0.04981317319533706
2298,0.018950679136024752
2299,-0.07879754471866915
2300,0.009957386533504682
2301,-0.09778531011561363
2302,-0.0921024136115704
2303,-0.038479067142999375
2304,-0.051917214420822415
2305,-0.07601990614028739
2306,-0.07514083786102346
2307,-0.0811368945923598
2308,0.07495184646859726
2309,0.03428301032916347
2310,0.01238393751399936
2311,0.12760089540163255
2312,-0.07358490896032882
2313,-0.040763763887665984
2314,0.1228811726722884
2315,0.05971570610608568
2316,-0.025363116858271036
2317,0.02277834773516275
2318,-0.04467349329127494
2319,-0.15863257164376884
2320,-0.002337614295611459
2321,0.008697131623762473
2322,0.10310454649734888
2323,0.022282299683976818
2324,-0.04977261878211391
2325,-0.1326502756451477
2326,-0.0829548809693718
2327,0.08800124158453268
2328,0.005716353634298999
2329,0.06884838335701417
2330,-0.02732324472050044
2331,0.028777590869550656
2332,-0.01370540683444598
2333,-0.03473860994203717
2334,-0.01316063815707915
2335,-0.03674344225488295
2336,0.03946730720897342
2337,0.11473874606087128
2338,-0.09952188940632184
2339,0.016764851084014473
2340,0.03455664658488483
2341,0.018451036293566318
2342,0.03265092189356372
2343,-0.020463579238017705
2344,0.03872031415985777
2345,0.04066140421344263
2346,0.06167781597630477
2347,0.11548981694333635
2348,0.053011821141629556
2349,-0.018340096169720193
2350,-0.033560827433716224
2351,-0.11515974381589493
2352,-0.057636413870337536
2353,0.04990797106495298
2354,-0.11207039703006619
2355,0.010030220932720907
2356,-0.07248528899538927
2357,0.07926238988411433
2358,-0.01449570084685463
2359,-0.0688122158157607
2360,-0.03364043973655664
2361,-0.06717008315614556
2362,-0.004211593305273139
2363,-0.0757555538361504
2364,0.06708807966102055
2365,-0.07047020109248783
2366,0.023588896022639406
2367,0.04060165621734739
2368,0.08289822746433
2369,0.06586535487740612
2370,0.11040622516943865
2371,0.0037640201220750964
2372,0.0058025642124453
2373,0.028857135893678006
2374,0.05416338753002083
2375,-0.05220405935480019
2376,-0.07434487247612949
2377,0.04773058392285426
2378,0.08095458579872802
2379,-0.026645620620246266
2380,-0.09123239978243182
2381,0.004649060984022352
2382,0.03235488309314407
2383,0.04110204688888922
2384,-0.038933008417405664
2385,0.02676111722754416
2386,-0.09064248059025942
2387,-0.050279803564215006
2388,0.018607371489776713
2389,-0.01789280570359153
2390,-0.006922053875266222
2391,0.039874529136788295
2392,-0.0023036089783801993
2393,0.021001621066781027
2394,0.06581633653957489
2395,0.08597815253050133
2396,0.036177862856609795
2397,-0.027221707815381923
2398,0.013260456971874718
2399,-0.11983435810033569
2400,0.03388010661810177
2401,-0.04394617857963692
2402,0.06230261183887777
2403,0.0494222079207012
2404,-0.07707565845266387
2405,-0.08317746164994123
2406,-0.03942101760362473
2407,-0.06386943611794799
2408,-0.0562688161175104
2409,0.06471222619255441
2410,0.06872996610739848
2411,0.15395947154181616
2412,-0.09661336244334758
2413,-0.022014359827597467
2414,0.09290356955910621
2415,0.016845136185136084
2416,0.07943749582830875
2417,-0.0757729249835811
2418,0.05316065757758706
2419,-0.023488761981468813
2420,0.08957091252896343
2421,0.03366401931220003
2422,-0.049770457379057866
2423,0.04976210975719238
2424,-0.04079581847287783
2425,0.00850729254226303
2426,-0.17449374422970804
2427,-0.10077028766308653
2428,-0.07088640090163958
2429,0.06516302258534906
2430,0.0730142689184031
2431,-0.02693741285357757
2432,0.04550858908741527
2433,-0.06420811716801858
2434,0.0663553277380608
2435,0.12653044453349724
2436,0.015036033456618336
2437,0.03867951252494881
2438,0.020578976203747712
2439,0.09415545433689743
2440,0.08262828344983403
2441,-0.12286756482503386
2442,-0.044852436434876776
2443,0.10661008870648513
2444,0.04419696420329843
2445,0.030361285909854648
2446,-0.08796127830496553
2447,-0.006276521728289083
2448,-0.03521184462269486
2449,-0.10412177131993718
2450,0.028254675314389553
2451,-0.0824329006164268
2452,0.06631068013896892
2453,-0.010349583158989997
2454,-0.02538221621418353
2455,0.04463322168869838
2456,0.028980718060115415
2457,-0.022064234243787173
2458,-0.10884939663835513
2459,-0.16268189175176637
2460,-0.10187990806303736
2461,-0.02636603873688442
2462,0.02597206719296132
2463,-0.11505566437647251
2464,0.03648876571196538
2465,0.030133423512924064
2466,-0.12036334539908364
2467,-0.02056879245357792
2468,-0.003986912021357192
2469,0.04497054864598149
2470,0.08899623090336259
2471,-0.028751725247354597
2472,-0.12987471378900312
2473,-0.06733376498097096
2474,-0.051964794788012664
2475,-0.005532753970599985
2476,0.07435242089822817
2477,-0.046181255054985895
2478,-0.08123849950660564
2479,-0.01669082230592321
2480,0.02197101713945056
2481,-0.021868898628277487
2482,0.07883394421545382
2483,-0.06582043524227774
2484,0.10755797428835526
2485,-0.041600598529095
2486,0.023079571049316072
2487,-0.0028421116146233674
2488,0.04239650118885644
2489,0.02322815948263062
2490,0.07196736370729025
2491,0.012765162498827101
2492,0.1474508135730589
2493,0.011898785071401085
2494,-0.02442220203483929
2495,0.008291426248664736
2496,-0.04824867805743428
2497,-0.011920710990879008
2498,-0.05719867428789925
2499,-0.05423655591489106
2500,-0.030430318821198152
2501,-0.009962492704013476
2502,0.007177373248301762
2503,-0.025904846826274787
2504,0.008318556089468743
2505,-0.016839621982079323
2506,-0.004420840501910817
2507,-0.029602649739660744
2508,-0.009279726340704626
2509,0.00466492872154534
